,0,id_str,screen_name,0,english,universal,0,content,friend,network,sentiment,temporal,user
0,,2799616308,allanwhyte81,,0.35,0.29,,0.79,0.39,0.68,0.12,0.44,0.15
1,,3224059300,blueghosties,,0.33,0.35,,0.39,0.27,0.4,0.47,0.13,0.05
2,,358431044,83Kindy,,0.39,0.49,,0.56,0.55,0.63,0.19,0.26,0.47
3,,3043516535,WheezingWez,,0.22,0.18,,0.27,0.2,0.33,0.11,0.38,0.06
4,,177425949,abacohosting,,0.45,0.4,,0.68,0.58,0.64,0.76,0.37,0.3
5,,197391195,Wingloss,,0.31,0.25,,0.51,0.26,0.44,0.16,0.28,0.07
6,,17680740,rijago,,0.42,0.25,,0.34,0.37,0.41,0.44,0.55,0.19
7,,180540061,JSLefebvre,,0.48,0.49,,0.51,0.39,0.45,0.5,0.53,0.47
8,,105772005,arna1cb,,0.3,0.21,,0.41,0.14,0.41,0.09,0.15,0.19
9,,243377060,llunavermella,,0.38,0.35,,0.46,0.4,0.54,0.25,0.28,0.34
10,,8.46269E+17,Facts4euOrg,,0.36,0.32,,0.4,0.24,0.38,0.39,0.15,0.37
11,,1673784182,wimthetim,,0.38,0.41,,0.49,0.32,0.4,0.42,0.39,0.32
12,,2966785665,DelardoKelle,,0.38,0.33,,0.48,0.31,0.59,0.58,0.26,0.27
13,,194119186,EuropeUnion,,0.54,0.42,,0.56,0.51,0.61,0.54,0.35,0.26
14,,210786621,DAVIDEDUARDOJL,,0.33,0.2,,0.53,0.32,0.11,0.31,0.52,0.07
15,,57402772,Krys2549,,0.31,0.22,,0.52,0.15,0.46,0.41,0.27,0.12
16,,3182090610,chinenyemaryan9,,0.62,0.65,,0.53,0.47,0.59,0.43,0.59,0.7
17,,565391175,jmaccy14,,0.28,0.2,,0.36,0.21,0.16,0.3,0.36,0.12
18,,1307870299,AWMCheung,,0.24,0.24,,0.34,0.32,0.21,0.35,0.22,0.16
19,,253211003,pausantandreu,,0.33,0.37,,0.32,0.22,0.42,0.21,0.18,0.11
20,,96977991,w_nicht,,0.27,0.2,,0.43,0.2,0.26,0.23,0.14,0.19
21,,52666996,Eurochild_org,,0.51,0.51,,0.52,0.39,0.48,0.29,0.32,0.3
22,,4059884321,nohemi90000,,0.36,0.33,,0.403333333,0.24,0.31,0.41,0.32,0.1
23,,1463232931,LawroNCB,,0.4,0.25,,0.42,0.08,0.46,0.58,0.21,0.21
24,,4745204123,IsThisAB0t,,0.55,0.55,,0.49,0.55,0.68,0.58,0.42,0.61
25,,806850055,enisa_eu,,0.49,0.45,,0.45,0.46,0.53,0.4,0.28,0.42
26,,830426155,Kellliure,,0.46,0.5,,0.453333333,0.51,0.3,0.24,0.32,0.11
27,,205918348,mikee_99,,0.18,0.2,,0.44,0.21,0.21,0.45,0.24,0.11
28,,9.08066E+17,AnnBank41695841,,0.45,0.43,,0.49,0.4,0.52,0.52,0.39,0.33
29,,7.93751E+17,101ECV_GADGET,,0.34,0.33,,0.473333333,0.38,0.31,0.36,0.46,0.12
30,,8.84829E+17,s3cmas73r,,0.49,0.53,,0.53,0.5,0.5,0.81,0.62,0.477840376
31,,2643740437,FBA_EUROPE,,0.54,0.66,,0.38,0.78,0.59,0.156666667,0.31,0.59
32,,8.20206E+17,Ganjinekeyhani,,0.54,0.6,,0.45,0.59,0.38,0.37,0.41,0.39
33,,,,,,,,,,,,,
34,,,,,,,,,,,,,
35,,2861381216,SiennaMorgan7,,0.3,0.35,,0.42,0.18,0.39,0.22,0.18,0.18
36,,44361937,sack_am,,0.36,0.24,,0.49,0.16,0.49,0.15,0.33,0.23
37,,8.9949E+17,Heorio1,,0.54,0.4,,0.565,0.53,0.5,0.74,0.54,0.31
38,,7.66782E+17,gukouj_kaori,,0.31,0.3,,0.6,0.32,0.34,0.63,0.56,0.43
39,,3025165432,ciaocoxy,,0.47,0.48,,0.6,0.45,0.3,0.46,0.54,0.73
40,,3245256773,mise_aine,,0.36,0.23,,0.37,0.24,0.25,0.16,0.17,0.23
41,,294903875,macruces,,0.37,0.33,,0.46,0.22,0.53,0.18,0.28,0.26
42,,3025020625,rossiter1497,,0.45,0.36,,0.4,0.47,0.49,0.19,0.28,0.37
43,,235288604,ChrDavis,,0.28,0.23,,0.513333333,0.34,0.38,0.05,0.29,0.04
44,,153464869,lanct22,,0.59,0.46,,0.56,0.58,0.57,0.5,0.39,0.44
45,,513051520,john1966olsen,,0.45,0.4,,0.51,0.29,0.3,0.33,0.42,0.23
46,,117271814,goodbuysalltime,,0.43,0.28,,0.47,0.37,0.38,0.33,0.17,0.07
47,,42589787,RANsquawk,,0.38,0.3,,0.38,0.37,0.11,0.32,0.18,0.26
48,,29489523,jasontanamor,,0.52,0.44,,0.29,0.31,0.25,0.19,0.04,0.5
49,,3437695749,ValerieAstles,,0.46,0.33,,0.52,0.33,0.4,0.53,0.45,0.24
50,,87649251,soundabuse,,0.32,0.33,,0.5,0.3,0.58,0.63,0.13,0.13
51,,236599045,sittingbulldogs,,0.4,0.3,,0.43,0.45,0.49,0.47,0.46,0.35
52,,7053452,countryboylife,,0.39,0.2,,0.41,0.17,0.35,0.25,0.15,0.15
53,,262829071,60gracemurr,,0.51,0.28,,0.54,0.38,0.41,0.49,0.42,0.24
54,,8.30108E+17,EU_Remain_2017,,0.52,0.45,,0.48,0.49,0.49,0.49,0.36,0.36
55,,29414495,marc_vi,,0.31,0.22,,0.44,0.23,0.37,0.24,0.19,0.16
56,,19588516,gnu_andrew,,0.31,0.26,,0.37,0.23,0.3,0.2,0.28,0.17
57,,21071916,BBCLeisha,,0.3,0.19,,0.22,0.29,0.22,0.07,0.17,0.14
58,,7.70592E+17,bettereroger,,0.2,0.17,,0.23,0.24,0.12,0.37,0.18,0.06
59,,2754999109,mark_hollohead,,0.39,0.25,,0.63,0.23,0.71,0.34,0.06,0.31
60,,400938274,HansLangbroek,,0.28,0.18,,0.48,0.14,0.23,0.14,0.09,0.04
61,,103405165,smujal,,0.42,0.36,,0.59,0.39,0.27,0.17,0.15,0.23
62,,2306574068,Berenberg_Econ,,0.45,0.45,,0.54,0.5,0.57,0.31,0.57,0.64
63,,7.27923E+17,RevolutionsCen,,0.72,0.61,,0.7,0.46,0.63,0.45,0.4,0.55
64,,,,,,,,,,,,,
65,,360248242,Cartera88,,0.33,0.04,,0.473333333,0.16,0.21,0.17,0.15,0.01
66,,3144261706,Lockhart_Br,,0.52,0.37,,0.543333333,0.4,0.49,0.23,0.3,0.28
67,,231750350,debbaff,,0.32,0.25,,0.4,0.32,0.12,0.29,0.31,0.09
68,,503276056,callmeharvey,,0.22,0.08,,0.28,0.09,0.4,0.18,0.1,0.01
69,,351630233,VeroVero777,,0.34,0.26,,0.52,0.28,0.45,0.28,0.34,0.3
70,,54015628,Ferretgrove,,0.33,0.28,,0.48,0.25,0.44,0.35,0.11,0.08
71,,3296958574,SexyUkip,,0.45,0.34,,0.32,0.24,0.19,0.46,0.31,0.24
72,,9.10486E+17,ARealDudeok,,0.26,0.35,,0.34,0.33,0.25,0.3,0.14,0.32
73,,2317666772,LynAraucana,,0.38,0.3,,0.5,0.3,0.25,0.48,0.32,0.2
74,,3980156787,TurboLogic_UK,,0.3,0.44,,0.24,0.24,0.34,0.29,0.1,0.02
75,,8.2497E+17,AfaceriEuropene,,0.38,0.41,,0.55,0.39,0.42,0.42,0.28,0.51
76,,23227936,alicmurray,,0.41,0.23,,0.46,0.17,0.52,0.35,0.2,0.22
77,,281522957,k3books,,0.4,0.38,,0.47,0.29,0.21,0.25,0.2,0.43
78,,1435509956,Cerrighedd,,0.46,0.12,,0.48,0.43,0.46,0.58,0.44,0.04
79,,2562268036,tina_tinalondon,,0.42,0.36,,0.48,0.32,0.46,0.4,0.4,0.23
80,,194167344,mantasmalukas,,0.33,0.46,,0.42,0.36,0.28,0.39,0.19,0.15
81,,7.0258E+17,JordanTzvetkov,,0.5,0.46,,0.47,0.53,0.44,0.6,0.81,0.38
82,,555786188,FangornForest1,,0.18,0.18,,0.29,0.22,0.24,0.21,0.23,0.11
83,,630490891,NicoVIII_RL,,0.28,0.06,,0.41,0.06,0.13,0.22,0.11,0.11
84,,85927761,MarkKSnell,,0.35,0.29,,0.45,0.25,0.22,0.33,0.16,0.1
85,,3802200040,anonywhusP,,0.38,0.29,,0.49,0.43,0.25,0.51,0.16,0.26
86,,40576376,traceyuk4,,0.31,0.25,,0.33,0.24,0.31,0.2,0.47,0.13
87,,247176719,paulrikmans,,0.52,0.47,,0.39,0.4,0.34,0.22,0.43,0.18
88,,142883006,CarbonisedPleb,,0.49,0.36,,0.41,0.45,0.25,0.39,0.29,0.25
89,,,,,,,,,,,,,
90,,523256057,fabreeze1,,0.14,0.17,,0.32,0.17,0.15,0.1,0.12,0.02
91,,316424148,PereFrancesch,,0.37,0.23,,0.385,0.19,0.31,0.05,0.35,0.17
92,,8.19874E+17,DermotFoley6,,0.5,0.57,,0.55,0.49,0.56,0.53,0.53,0.44
93,,305798265,kennedymp43,,0.24,0.36,,0.39,0.3,0.44,0.51,0.29,0.37
94,,9.05024E+17,SocioTiggerPhD,,0.37,0.26,,0.34,0.13,0.15,0.16,0.23,0.15
95,,2174470418,JFCrisp,,0.34,0.39,,0.49,0.36,0.17,0.25,0.16,0.56
96,,,,,,,,,,,,,
97,,3253276690,crewsure,,0.46,0.46,,0.67,0.81,0.65,0.39,0.55,0.37
98,,7.26871E+17,DVzxcvbnmccBB,,0.34,0.49,,0.59,0.793147134,0.8,0.476666667,0.79,0.24
99,,4767910995,ruthmagin,,0.43,0.34,,0.34,0.42,0.25,0.38,0.25,0.3
100,,210888724,BigHairyMarty,,0.33,0.38,,0.45,0.27,0.52,0.2,0.32,0.25
101,,7.33244E+17,ActusPolitiques,,0.63,0.62,,0.44,0.6,0.66,0.07,0.17,0.5
102,,4209823162,melwest14,,0.52,0.4,,0.28,0.46,0.25,0.33,0.23,0.11
103,,9.07595E+17,Eylem14433390,,0.42,0.47,,0.53,0.45,0.32,0.53,0.5,0.68
104,,97918436,DJAsadKhan,,0.22,0.3,,0.4,0.32,0.21,0.39,0.37,0.13
105,,7.69134E+17,maelysdervenn,,0.43,0.32,,0.5,0.21,0.35,0.37,0.36,0.26
106,,7.6965E+17,Liberal_London_,,0.32,0.17,,0.33,0.18,0.26,0.31,0.13,0.04
107,,361389361,Felicidad_15,,0.3,0.04,,0.41,0.04,0.26,0.03,0.14,0.01
108,,473851713,ButcherMartin,,0.43,0.3,,0.45,0.36,0.28,0.31,0.08,0.26
109,,630593966,BornLondoner,,0.39,0.46,,0.4,0.52,0.29,0.22,0.1,0.09
110,,497083469,WelshBrideGuide,,0.19,0.14,,0.33,0.28,0.11,0.16,0.14,0.04
111,,9.10475E+17,PedroGo64657215,,0.4,0.36,,0.45,0.28,0.35,0.29,0.12,0.28
112,,482164245,alfcongostrina,,0.52,0.47,,0.6,0.44,0.49,0.28,0.66,0.19
113,,2600279906,Walmyh,,0.45,0.21,,0.440833333,0.21,0.15,0.35,0.13,0.15
114,,8.95315E+17,Berty_boi_new,,0.27,0.27,,0.33,0.21,0.09,0.39,0.03,0.03
115,,65872459,siragpita,,0.35,0.26,,0.453333333,0.18,0.4,0.14,0.11,0.13
116,,284997069,economia_feed_1,,0.34,0.26,,0.745,0.793147134,0.85,0.56,0.9,0.16
117,,8.4922E+17,LOlivetteNue,,0.49,0.55,,0.56,0.46,0.59,0.54,0.4,0.56
118,,320131750,DonaldJudge,,0.36,0.25,,0.37,0.32,0.17,0.24,0.37,0.1
119,,8.80377E+17,MoraviaEurope,,0.51,0.41,,0.61,0.52,0.46,0.57,0.28,0.39
120,,7.8084E+17,TakingJobs,,0.51,0.42,,0.73,0.51,0.57,0.7,0.48,0.41
121,,24413773,PrincessFidelma,,0.39,0.34,,0.4,0.54,0.23,0.44,0.13,0.36
122,,520369387,gatamaulabcn,,0.31,0.25,,0.42,0.21,0.4,0.16,0.35,0.1
123,,2885962761,Walk_0ff,,0.3,0.21,,0.22,0.23,0.29,0.28,0.27,0.11
124,,9.15755E+17,ayosportstalk,,0.29,0.19,,0.35,0.16,0.14,0.16,0.14,0.15
125,,419055598,panthervipul,,0.19,0.07,,0.43,0.15,0.16,0.12,0.15,0
126,,3395253801,fiscotorg,,0.5,0.52,,0.47,0.51,0.22,0.68,0.21,0.47
127,,135857034,D_Raval,,0.42,0.35,,0.39,0.24,0.38,0.26,0.34,0.51
128,,68701161,rudolfabraham,,0.31,0.27,,0.49,0.27,0.53,0.34,0.3,0.25
129,,467896939,nofearmio,,0.32,0.25,,0.44,0.15,0.41,0.18,0.34,0.2
130,,8.13293E+17,LITechNewsPosts,,0.33,0.3,,0.92,0.793147134,0.72,0.79,0.32,0.49
131,,115393565,StefSimanowitz,,0.41,0.36,,0.49,0.44,0.46,0.38,0.14,0.4
132,,3053380255,Gerrypoes,,0.29,0.55,,0.5,0.25,0.28,0.12,0.15,0.09
133,,297649526,marinasginer,,0.34,0.26,,0.5,0.36,0.34,0.37,0.3,0.51
134,,4358588292,johwilcha,,0.36,0.41,,0.41,0.38,0.32,0.33,0.03,0.19
135,,100618307,_witty_n_wise_,,0.21,0.16,,0.15,0.31,0.06,0.06,0.07,0.06
136,,440976913,UKNOAH,,0.48,0.56,,0.42,0.53,0.36,0.57,0.41,0.13
137,,34872481,jordicornet,,0.37,0.18,,0.48,0.33,0.27,0.21,0.26,0.14
138,,311158000,MRialp,,0.37,0.39,,0.47,0.19,0.42,0.11,0.24,0.38
139,,36692104,psweetman,,0.41,0.34,,0.61,0.31,0.45,0.44,0.27,0.11
140,,573511892,OlileBussy,,0.24,0.1,,0.39,0.13,0.21,0.2,0.11,0.09
141,,8.25977E+17,EHFoundation237,,0.59,0.6,,0.46,0.7,0.61,0.43,0.47,0.56
142,,2306726460,UKIPedwardfila,,0.27,0.17,,0.32,0.12,0.11,0.26,0.3,0.08
143,,137204211,charlottew_1991,,0.25,0.15,,0.34,0.23,0.18,0.22,0.1,0.07
144,,101881819,PaulPeartSmith,,0.23,0.17,,0.29,0.15,0.2,0.12,0.16,0.13
145,,560395915,DKPreedy,,0.27,0.14,,0.47,0.28,0.15,0.39,0.23,0.03
146,,7.99925E+17,Baran66936658,,0.53,0.58,,0.52,0.5,0.43,0.33,0.36,0.3
147,,16270167,BevEmans,,0.4,0.32,,0.47,0.19,0.35,0.52,0.14,0.14
148,,3171136719,chrisharley1994,,0.23,0.23,,0.48,0.23,0.23,0.13,0.21,0.23
149,,2927340570,EmergingNepal,,0.65,0.64,,0.78,0.76,0.47,0.49,0.47,0.5
150,,18602626,WitchEnd,,0.46,0.39,,0.36,0.46,0.39,0.45,0.23,0.33
151,,7.26066E+17,caring_mobile,,0.57,0.58,,0.59,0.69,0.55,0.46,0.45,0.64
152,,375731000,KevinJamessfm,,0.52,0.48,,0.59,0.64,0.53,0.35,0.08,0.03
153,,,,,,,,,,,,,
154,,1469787307,RexelFoundation,,0.4,0.3,,0.52,0.38,0.33,0.46,0.23,0.13
155,,254478828,hurunui9414,,0.33,0.18,,0.45,0.44,0.53,0.52,0.52,0.2
156,,1363773223,KatCedro,,0.25,0.29,,0.38,0.29,0.28,0.3,0.25,0.07
157,,608971524,IvoOlivenbaum,,0.18,0.23,,0.32,0.2,0.43,0.27,0.45,0.1
158,,556236575,kassandragalind,,0.3,0.23,,0.43,0.32,0.19,0.22,0.14,0.1
159,,2734304844,ProCubeUK,,0.75,0.68,,0.67,0.77,0.696083333,0.6,0.61,0.64
160,,2331985827,vila_quim,,0.45,0.5,,0.44,0.18,0.38,0.14,0.23,0.15
161,,244696876,veronica_velazq,,0.23,0.26,,0.34,0.4,0.19,0.26,0.17,0.09
162,,122097314,RuthDevlin,,0.39,0.32,,0.47,0.31,0.34,0.36,0.23,0.12
163,,2492552898,realdavedoubleu,,0.25,0.21,,0.34,0.23,0.24,0.21,0.33,0.33
164,,2469648354,AndrewJohnKidd,,0.33,0.38,,0.47,0.19,0.15,0.14,0.19,0.64
165,,8.99323E+17,moms_meet,,0.56,0.5,,0.61,0.45,0.46,0.79,0.47,0.49
166,,17588665,jordimurgo,,0.44,0.29,,0.473333333,0.45,0.45,0.39,0.25,0.23
167,,98993077,RichKelsey,,0.45,0.46,,0.58,0.61,0.48,0.51,0.3,0.17
168,,7.84422E+17,CommitConserv,,0.53,0.54,,0.66,0.7,0.58,0.66,0.31,0.49
169,,409210532,LaCatholicState,,0.27,0.22,,0.44,0.3,0.26,0.4,0.2,0.12
170,,8.27891E+17,FDeganis,,0.36,0.34,,0.43,0.22,0.18,0.26,0.23,0.07
171,,,,,,,,,,,,,
172,,235732777,riamarie2011,,0.33,0.35,,0.32,0.35,0.42,0.11,0.2,0.05
173,,7.5527E+17,swallowtailuk,,0.34,0.3,,0.27,0.15,0.18,0.12,0.33,0.06
174,,363345099,Gregor_Gregor,,0.4,0.17,,0.48,0.2,0.17,0.18,0.14,0.14
175,,500926020,Anonden,,0.26,0.21,,0.36,0.22,0.27,0.2,0.1,0
176,,216032810,mwgehring,,0.35,0.35,,0.41,0.37,0.43,0.47,0.16,0.16
177,,292619181,scarletmonahan,,0.56,0.54,,0.45,0.48,0.5,0.32,0.38,0.51
178,,129977417,garlandflower,,0.18,0.14,,0.27,0.23,0.05,0.21,0.2,0.11
179,,7.30527E+17,simonhu75996460,,0.38,0.33,,0.36,0.17,0.29,0.23,0.37,0.2
180,,257146629,greatone9,,0.47,0.47,,0.75,0.4,0.36,0.51,0.31,0.26
181,,227121370,GirlNotes,,0.62,0.44,,0.45,0.53,0.31,0.45,0.3,0.68
182,,498251000,nievsyrneh,,0.35,0.14,,0.503333333,0.25,0.14,0.32,0.24,0.2
183,,94543658,JIMMYJ101,,0.25,0.16,,0.55,0.25,0.14,0.14,0.09,0.08
184,,353022633,EyeEdinburgh,,0.33,0.22,,0.46,0.2,0.43,0.23,0.3,0.13
185,,8.32016E+17,janehparkinson,,0.35,0.42,,0.48,0.32,0.24,0.41,0.38,0.33
186,,2879748701,Samanr96,,0.31,0.26,,0.32,0.61,0.1,0.3,0.33,0.12
187,,8.70384E+17,MKCTravel,,0.32,0.27,,0.44,0.21,0.22,0.38,0.09,0.12
188,,45048577,Eva_GB_,,0.26,0.25,,0.36,0.21,0.16,0.08,0.14,0.12
189,,21745651,anoncitizenhere,,0.31,0.25,,0.34,0.21,0.38,0.37,0.22,0.19
190,,24210446,jake_001x,,0.25,0.16,,0.46,0.2,0.28,0.26,0.29,0.13
191,,2852652593,cholatera,,0.41,0.34,,0.39,0.42,0.56,0.33,0.37,0.17
192,,468575113,SANTIVILLORBINA,,0.29,0.24,,0.49,0.21,0.47,0.11,0.28,0.27
193,,21141933,AFrancisPhoto,,0.19,0.28,,0.25,0.39,0.4,0.26,0.42,0.15
194,,322584889,NickWrightYAPJ,,0.31,0.3,,0.44,0.3,0.45,0.54,0.24,0.12
195,,7.73421E+17,SaskiaSaskia16,,0.33,0.34,,0.566666667,0.38,0.2,0.52,0.46,0.5
196,,9.11146E+17,unitedfutureuk,,0.57,0.56,,0.56,0.63,0.64,0.58,0.42,0.44
197,,192478036,skikitten,,0.47,0.46,,0.45,0.48,0.46,0.35,0.44,0.15
198,,2995801803,JohnChapman2015,,0.45,0.44,,0.51,0.28,0.4,0.35,0.29,0.17
199,,,,,,,,,,,,,
200,,,,,,,,,,,,,
201,,7.99472E+17,ThinkingDevils,,0.41,0.27,,0.51,0.23,0.31,0.32,0.5,0.4
202,,18185353,livinginabox,,0.3,0.12,,0.45,0.26,0.19,0.21,0.25,0.06
203,,2770140101,RiouxRemy,,0.45,0.54,,0.5,0.52,0.41,0.29,0.51,0.49
204,,8.41632E+17,edremu,,0.4,0.43,,0.4,0.23,0.41,0.14,0.25,0.17
205,,,,,,,,,,,,,
206,,276159572,Dunholme,,0.33,0.34,,0.4,0.26,0.31,0.34,0.27,0.3
207,,8.18826E+17,BritishExports,,0.43,0.46,,0.46,0.44,0.27,0.42,0.32,0.63
208,,131151891,witnwis,,0.27,0.27,,0.27,0.26,0.42,0.24,0.25,0.07
209,,52383761,jubbyjubber,,0.22,0.3,,0.35,0.5,0.31,0.42,0.2,0.13
210,,979038607,DenzpDp,,0.32,0.38,,0.4,0.17,0.41,0.25,0.38,0.16
211,,8.51405E+17,FWniSalzgitter,,0.41,0.36,,0.41,0.49,0.48,0.46,0.34,0.57
212,,28541175,xarxaindepe,,0.53,0.46,,0.503333333,0.47,0.58,0.08,0.14,0.38
213,,3381469265,iamtuffgong,,0.51,0.39,,0.653333333,0.36,0.35,0.67,0.75,0.45
214,,569599155,todotransport,,0.51,0.45,,0.41,0.38,0.27,0.1,0.15,0.39
215,,410707290,IsablSaavedra,,0.27,0.13,,0.42,0.17,0.21,0.09,0.1,0.09
216,,4636701914,RedRealPolitik,,0.21,0.21,,0.31,0.3,0.12,0.27,0.05,0.29
217,,593790965,MrAverage2,,0.26,0.23,,0.37,0.22,0.11,0.29,0.09,0.04
218,,7.59156E+17,YarosisNancy,,0.51,0.43,,0.59,0.55,0.52,0.48,0.45,0.35
219,,196599046,VParrillaAixela,,0.41,0.37,,0.463333333,0.22,0.43,0.02,0.17,0.21
220,,1104605040,EurDemocracy,,0.42,0.35,,0.73,0.34,0.43,0.58,0.42,0.11
221,,1306738128,gswrites,,0.34,0.27,,0.24,0.25,0.27,0.25,0.25,0.02
222,,604570630,redeyeddove,,0.41,0.25,,0.63,0.793147134,0.68,0.9,0.535,0.15
223,,8.5938E+17,Lambda27x,,0.34,0.23,,0.46,0.31,0.27,0.41,0.41,0.4
224,,8.37766E+17,DanielRMcMurray,,0.25,0.27,,0.41,0.33,0.36,0.15,0.1,0.17
225,,33890500,sja123,,0.6,0.4,,0.55,0.51,0.58,0.46,0.5,0.28
226,,794610662,MSeethin,,0.28,0.23,,0.32,0.13,0.22,0.15,0.26,0.04
227,,7.9885E+17,nordicsigns,,0.3,0.3,,0.43,0.27,0.34,0.45,0.3,0.1
228,,344141508,Manuel_TSSA,,0.38,0.32,,0.5,0.43,0.36,0.46,0.35,0.3
229,,257382455,SimplyStefario,,0.21,0.07,,0.26,0.07,0.08,0.35,0.15,0.04
230,,2987541023,Direktbryssel,,0.48,0.49,,0.47,0.53,0.48,0.62,0.49,0.5
231,,1721671759,MapTrotting,,0.59,0.49,,0.82,0.69,0.59,0.57,0.32,0.43
232,,3377406406,vespasian91,,0.37,0.34,,0.47,0.19,0.57,0.31,0.17,0.27
233,,487711174,festinalente3,,0.39,0.29,,0.47,0.21,0.34,0.37,0.23,0.35
234,,102902320,EsraaYousef,,0.21,0.13,,0.47,0.12,0.11,0.21,0.28,0.15
235,,3254949346,76nottory,,0.18,0.25,,0.2,0.18,0.13,0.23,0.17,0.08
236,,878634452,BigTelPattaya,,0.32,0.3,,0.41,0.31,0.23,0.28,0.15,0.12
237,,66109042,celestialhost,,0.29,0.15,,0.48,0.23,0.25,0.14,0.26,0.08
238,,423736938,Puzzfy,,0.37,0.2,,0.43,0.24,0.39,0.47,0.18,0.16
239,,18256552,theangelremiel,,0.25,0.19,,0.38,0.18,0.25,0.18,0.06,0.11
240,,15595025,lemondreams,,0.21,0.11,,0.45,0.09,0.14,0.12,0.16,0.11
241,,7.275E+17,DVizabella,,0.24,0.19,,0.5,0.793147134,0.840246053,0.39,0.81,0.16
242,,7.69453E+17,GeorgyBradders,,0.36,0.52,,0.31,0.26,0.43,0.18,0.31,0.25
243,,8.11522E+17,Hilary_LibDem,,0.3,0.26,,0.53,0.22,0.3,0.29,0.2,0.12
244,,14746901,JordiRius,,0.3,0.31,,0.433333333,0.16,0.41,0.22,0.23,0.03
245,,554351043,PauChacn,,0.3,0.35,,0.48,0.2,0.18,0.32,0.29,0.27
246,,617187517,JordiFri,,0.36,0.26,,0.42,0.38,0.32,0.21,0.16,0.15
247,,114583210,tonyfroberts,,0.29,0.18,,0.46,0.16,0.27,0.18,0.28,0.21
248,,630319799,dishgirl4,,0.42,0.31,,0.46,0.32,0.5,0.41,0.16,0.15
249,,27651211,chrisrdonoghue,,0.42,0.38,,0.4,0.35,0.46,0.26,0.41,0.35
250,,7.88021E+17,Vscrt001,,0.38,0.29,,0.45,0.33,0.39,0.35,0.12,0.12
251,,142694716,LurigDramaCDall,,0.55,0.49,,0.55,0.65,0.57,0.54,0.58,0.28
252,,712567640,UKmfg,,0.57,0.47,,0.68,0.61,0.36,0.7,0.24,0.5
253,,2800399326,Grandad2002,,0.37,0.34,,0.56,0.2,0.57,0.34,0.23,0.24
254,,608033428,JohnEJefferson,,0.37,0.26,,0.54,0.2,0.28,0.33,0.12,0.4
255,,2725611770,103ZpUa,,0.63,0.61,,0.78,0.66,0.47,0.3,0.17,0.47
256,,384486141,OccupyParis,,0.57,0.63,,0.44,0.43,0.32,0.42,0.17,0.72
257,,21299973,MailUp,,0.45,0.49,,0.43,0.5,0.46,0.31,0.62,0.28
258,,417941587,koyesinjiki,,0.42,0.44,,0.35,0.49,0.65,0.44,0.56,0.25
259,,,,,,,,,,,,,
260,,8.48885E+17,247SeoFrance,,0.44,0.43,,0.87,0.5,0.38,0.55,0.21,0.35
261,,4656880047,Anonymo50375487,,0.61,0.52,,0.59,0.49,0.34,0.41,0.46,0.6
262,,8.02225E+17,reswfwerwer,,0.62,0.73,,0.45,0.82,0.21,0.23,0.38,0.76
263,,784843771,MilesKing10,,0.21,0.13,,0.33,0.17,0.28,0.09,0.16,0.05
264,,,,,,,,,,,,,
265,,191887486,AlfonsRossell,,0.23,0.26,,0.47,0.26,0.15,0.2,0.13,0.03
266,,15388826,dhuelsermann,,0.39,0.4,,0.46,0.51,0.59,0.36,0.16,0.17
267,,7.35547E+17,molistroger79,,0.28,0.33,,0.45,0.22,0.17,0.24,0.09,0.24
268,,931837381,primedocument,,0.35,0.1,,0.76,0.57,0.55,0.75,0.19,0.02
269,,55606016,andythegreenie,,0.31,0.27,,0.44,0.25,0.34,0.41,0.29,0.25
270,,370317011,KyraObo,,0.47,0.35,,0.37,0.4,0.51,0.25,0.24,0.06
271,,178144499,hiptraveler,,0.48,0.43,,0.51,0.33,0.47,0.27,0.21,0.54
272,,21358532,james_rogers,,0.32,0.16,,0.4,0.16,0.28,0.23,0.11,0.02
273,,164242701,tpomanners,,0.13,0.11,,0.26,0.13,0.09,0.37,0.08,0.07
274,,7.60362E+17,selectmilano,,0.5,0.35,,0.49,0.25,0.36,0.26,0.42,0.57
275,,361291645,Superllisti,,0.29,0.27,,0.54,0.24,0.48,0.07,0.21,0.11
276,,291314732,BitlisliMahmud,,0.34,0.43,,0.45,0.18,0.57,0.44,0.43,0.34
277,,27165368,MonkeyOfTheMoon,,0.15,0.15,,0.21,0.19,0.06,0.19,0.05,0.08
278,,8.72426E+17,SiAutonomia,,0.49,0.43,,0.69,0.76,0.47,0.47,0.6,0.49
279,,312224660,shirleyyoung2,,0.42,0.3,,0.51,0.15,0.45,0.49,0.31,0.19
280,,266837987,atomicsmiles,,0.41,0.41,,0.49,0.49,0.37,0.44,0.37,0.33
281,,335469402,Bliadhnaichean,,0.38,0.45,,0.34,0.26,0.59,0.29,0.55,0.34
282,,2504955554,jambohogg,,0.24,0.29,,0.37,0.1,0.13,0.24,0.17,0.15
283,,60920934,CharlieFitzh,,0.14,0.08,,0.25,0.08,0.2,0.26,0.24,0.2
284,,618323800,Battle2Board,,0.52,0.46,,0.31,0.66,0.63,0.47,0.46,0.12
285,,40537056,dmcbfs,,0.36,0.17,,0.32,0.29,0.09,0.17,0.16,0.19
286,,888245365,AYJSolicitors,,0.73,0.65,,0.98,0.8,0.42,0.83,0.59,0.4
287,,7.68454E+17,AMHussain76,,0.26,0.25,,0.39,0.15,0.12,0.12,0.21,0.1
288,,463295824,arcatl,,0.45,0.43,,0.74,0.52,0.47,0.36,0.2,0.11
289,,7.47769E+17,AishlynY,,0.46,0.4,,0.43,0.54,0.63,0.32,0.3,0.29
290,,19016900,waynoo1,,0.31,0.32,,0.34,0.28,0.28,0.23,0.35,0.27
291,,571012841,MarieAntonelle,,0.44,0.42,,0.57,0.42,0.45,0.2,0.18,0.42
292,,209720308,amp_santamaria,,0.29,0.1,,0.35,0.16,0.17,0.14,0.09,0.02
293,,437429524,Ted_Yeoman,,0.23,0.3,,0.35,0.23,0.33,0.3,0.07,0.05
294,,7.7541E+17,BLAENAUFFESTNOW,,0.42,0.49,,0.37,0.15,0.45,0.23,0.27,0.14
295,,202150353,JustSayNope,,0.37,0.32,,0.53,0.29,0.43,0.24,0.33,0.09
296,,68256895,pwsimerimiaw,,0.3,0.22,,0.44,0.2,0.33,0.24,0.13,0.15
297,,249242659,ARTELITTERA,,0.35,0.29,,0.65,0.59,0.41,0.17,0.33,0.13
298,,114598868,ACPCarnegie,,0.39,0.45,,0.32,0.36,0.4,0.27,0.21,0.28
299,,121791295,hunt3ri,,0.21,0.16,,0.23,0.14,0.31,0.26,0.12,0.14
300,,358328909,BokuIrakli,,0.5,0.46,,0.4,0.24,0.16,0.59,0.27,0.49
301,,324869529,TimotheeFechner,,0.35,0.34,,0.66,0.18,0.29,0.3,0.18,0.25
302,,325769074,LukeDudley1,,0.17,0.08,,0.26,0.14,0.14,0.14,0.09,0.05
303,,8.16298E+17,DrAlbertazziUK,,0.36,0.47,,0.39,0.37,0.14,0.36,0.19,0.16
304,,25546638,fuzzybub,,0.23,0.19,,0.41,0.2,0.25,0.22,0.11,0.23
305,,36063034,gibbonape,,0.36,0.22,,0.31,0.31,0.37,0.33,0.2,0.23
306,,2513050795,365USA,,0.78,0.6,,0.63,0.83,0.58,0.7,0.31,0.4
307,,2748957508,jimen_clemente,,0.35,0.12,,0.38,0.28,0.16,0.16,0.26,0.12
308,,8.84098E+17,Yopaquitoo1,,0.44,0.51,,0.53,0.51,0.26,0.2,0.28,0.26
309,,422292212,365Arizona,,0.68,0.53,,0.65,0.61,0.52,0.63,0.32,0.52
310,,4060712493,RocaLongares,,0.39,0.51,,0.486666667,0.28,0.43,0.18,0.26,0.27
311,,2417894387,kristinwey,,0.22,0.29,,0.37,0.33,0.23,0.31,0.12,0.19
312,,4298716648,pulpmarkets,,0.44,0.46,,0.47,0.61,0.916333333,0.75,0.49,0.41
313,,261643054,DannyMondinho,,0.18,0.14,,0.25,0.11,0.17,0.2,0.05,0
314,,30002070,NickPetre,,0.19,0.31,,0.3,0.2,0.16,0.35,0.11,0.2
315,,611585332,Bonn1eGreer,,0.43,0.42,,0.31,0.41,0.5,0.06,0.27,0.63
316,,21562665,EmteePlays,,0.26,0.17,,0.28,0.32,0.2,0.31,0.48,0.19
317,,400625322,TSM001,,0.32,0.31,,0.35,0.22,0.57,0.27,0.17,0.05
318,,7.34855E+17,LiBenchmark,,0.46,0.27,,0.66,0.48,0.46,0.57,0.54,0.27
319,,128972165,kuidaokmandas,,0.43,0.27,,0.463333333,0.3,0.12,0.04,0.22,0.2
320,,747705774,MarkinCW5,,0.22,0.21,,0.46,0.17,0.15,0.17,0.23,0.11
321,,3935310853,247SEOBooster,,0.3,0.41,,0.75,0.75,0.51,0.82,0.68,0.41
322,,8.48889E+17,247SeoUK,,0.6,0.53,,0.76,0.62,0.77,0.36,0.29,0.59
323,,27847455,RussellGroup,,0.57,0.44,,0.59,0.43,0.6,0.45,0.19,0.46
324,,,,,,,,,,,,,
325,,141875715,bragagnimaurizi,,0.51,0.38,,0.67,0.4,0.43,0.6,0.23,0.28
326,,9.02675E+17,Citizeneastend,,0.36,0.34,,0.52,0.25,0.2,0.16,0.11,0.18
327,,8.65214E+17,TrendingNewsTV,,0.45,0.52,,0.69,0.52,0.56,0.74,0.82,0.47
328,,9.02982E+17,discover_laos,,0.62,0.59,,0.6,0.75,0.46,0.63,0.36,0.41
329,,246752901,meripage,,0.26,0.17,,0.37,0.24,0.13,0.09,0.24,0.15
330,,4832314828,XeniaBusse,,0.3,0.3,,0.39,0.13,0.38,0.28,0.28,0.42
331,,4548100754,jobzeljobs,,0.54,0.42,,0.66,0.5,0.62,0.67,0.6,0.52
332,,233703417,RotmanC,,0.24,0.27,,0.45,0.31,0.42,0.45,0.28,0.1
333,,7.44099E+17,mikiyaitou5,,0.48,0.39,,0.37,0.48,0.41,0.54,0.7,0.31
334,,8.75955E+17,SaxCrooner,,0.35,0.4,,0.443333333,0.35,0.38,0.19,0.34,0.33
335,,2233176111,antsoares67,,0.38,0.3,,0.41,0.38,0.37,0.43,0.18,0.29
336,,4892347295,piece_think,,0.55,0.51,,0.73,0.58,0.63,0.5,0.58,0.49
337,,1037431796,foxesdale,,0.31,0.26,,0.45,0.14,0.4,0.13,0.16,0.06
338,,339803270,InvestedIraq,,0.39,0.34,,0.555,0.41,0.3,0.373333333,0.4,0.07
339,,2357882367,sillybear2014,,0.21,0.29,,0.52,0.22,0.28,0.3,0.23,0.26
340,,4735064013,WalkofLife66,,0.49,0.36,,0.57,0.32,0.19,0.18,0.04,0.14
341,,716153473,iydloc_foh,,0.19,0.18,,0.51,0.14,0.22,0.46,0.07,0.29
342,,,,,,,,,,,,,
343,,167326252,Toomas01,,0.2,0.16,,0.37,0.3,0.29,0.2,0.09,0.12
344,,260117952,iDEASUG,,0.29,0.26,,0.34,0.19,0.35,0.28,0.1,0.04
345,,310518466,Eladi_ML,,0.2,0.29,,0.4,0.21,0.19,0.29,0.12,0.01
346,,20635644,gowen1,,0.2,0.28,,0.5,0.25,0.22,0.39,0.36,0.2
347,,753741463,se20eagle,,0.34,0.32,,0.44,0.36,0.3,0.46,0.19,0.32
348,,7.76862E+17,guelfa10,,0.37,0.47,,0.523333333,0.21,0.36,0.27,0.29,0.34
349,,9.1055E+17,FadaLluna,,0.38,0.33,,0.43,0.25,0.22,0.08,0.11,0.19
350,,8.54379E+17,ProfessorJerryT,,0.46,0.27,,0.52,0.57,0.32,0.56,0.2,0.25
351,,7.01893E+17,GirlAstray,,0.67,0.62,,0.85,0.6,0.65,0.755,0.26,0.52
352,,37539101,Wayneadderley,,0.31,0.23,,0.33,0.23,0.23,0.42,0.3,0.21
353,,164336229,shahin_gourgi,,0.31,0.37,,0.61,0.38,0.43,0.27,0.22,0.08
354,,8.21798E+17,petergloss,,0.28,0.32,,0.44,0.22,0.42,0.33,0.35,0.08
355,,8.50089E+17,wappsterlimited,,0.64,0.63,,0.69,0.793147134,0.71,0.775,0.82,0.83
356,,45187217,ToshioK,,0.57,0.38,,0.54,0.65,0.64,0.81,0.55,0.17
357,,211639555,TeresaC123,,0.38,0.29,,0.46,0.36,0.41,0.53,0.41,0.26
358,,37010284,abc3d,,0.34,0.27,,0.35,0.23,0.21,0.31,0.14,0.2
359,,77528520,YanniKouts,,0.57,0.53,,0.35,0.32,0.55,0.25,0.36,0.66
360,,2600444834,LegaNordPaderno,,0.3,0.23,,0.39,0.21,0.24,0.25,0.25,0.09
361,,2902475861,silvestrillo13,,0.38,0.26,,0.6,0.42,0.56,0.65,0.5,0.32
362,,3634927401,christina1028c1,,0.52,0.43,,0.92,0.793147134,0.689333333,0.67,0.77,0.16
363,,329686497,Simonnet2,,0.4,0.34,,0.443333333,0.26,0.47,0.1,0.44,0.59
364,,354864234,DavidWCummins,,0.4,0.21,,0.39,0.37,0.41,0.28,0.23,0.24
365,,9.06474E+17,ebrightongreen,,0.32,0.27,,0.27,0.32,0.06,0.19,0.05,0.1
366,,1004554363,stephenhawes2,,0.45,0.36,,0.51,0.32,0.41,0.24,0.38,0.35
367,,1425265488,RenateKuenast,,0.33,0.27,,0.55,0.18,0.46,0.17,0.24,0.27
368,,37755581,JohnHopkins_,,0.35,0.31,,0.38,0.41,0.2,0.31,0.4,0.12
369,,28400383,adrechsel,,0.29,0.31,,0.48,0.35,0.15,0.47,0.12,0.06
370,,294610641,Octofish,,0.33,0.34,,0.39,0.25,0.19,0.28,0.33,0.09
371,,1227816050,juantootutu,,0.35,0.4,,0.42,0.57,0.33,0.23,0.32,0.13
372,,92106490,colin1shaw,,0.42,0.36,,0.41,0.2,0.45,0.42,0.14,0.19
373,,217899318,trebor199,,0.29,0.28,,0.42,0.27,0.43,0.4,0.22,0.14
374,,7.46371E+17,nickreeves9876,,0.45,0.28,,0.44,0.29,0.43,0.32,0.52,0.48
375,,3261497513,MutazElnour,,0.37,0.36,,0.23,0.32,0.29,0.31,0.37,0.29
376,,8.5935E+17,AdvancedEntLtd,,0.46,0.57,,0.92,0.793147134,0.87,0.86,0.84,0.36
377,,1565472464,redheadgeometry,,0.6,0.35,,0.74,0.41,0.49,0.62,0.81,0.48
378,,380338257,Analisis_Fundam,,0.32,0.51,,0.5,0.47,0.57,0.28,0.24,0.55
379,,4850442663,HairoftheHound_,,0.4,0.29,,0.42,0.3,0.07,0.41,0.22,0.09
380,,80858010,rikkimoore666,,0.32,0.24,,0.33,0.3,0.05,0.08,0.13,0.1
381,,4896023595,besttravelbook,,0.62,0.6,,0.55,0.63,0.54,0.44,0.13,0.61
382,,251093414,ebhodge,,0.28,0.31,,0.45,0.23,0.33,0.28,0.33,0.12
383,,8.89202E+17,JenniferFearn5,,0.48,0.4,,0.56,0.38,0.23,0.5,0.38,0.25
384,,2760416240,Txema_Pamundi,,0.57,0.44,,0.38,0.35,0.58,0.41,0.42,0.29
385,,2221702064,EyesOnGreed,,0.35,0.25,,0.42,0.23,0.12,0.35,0.14,0.4
386,,2729233513,LeeHull2Oz,,0.41,0.39,,0.41,0.42,0.2,0.35,0.14,0.27
387,,249184750,eudalda,,0.34,0.25,,0.448,0.33,0.15,0.27,0.45,0.1
388,,433548660,ninaznti,,0.27,0.12,,0.503333333,0.16,0.14,0.22,0.15,0.04
389,,184927954,rodney1710,,0.27,0.1,,0.32,0.13,0.1,0.33,0.23,0.03
390,,79175176,Shazza1uk,,0.33,0.14,,0.39,0.32,0.27,0.29,0.12,0.13
391,,150695649,miravent,,0.41,0.4,,0.503333333,0.45,0.28,0.11,0.22,0.17
392,,8.48715E+17,247seoexpert,,0.71,0.59,,0.66,0.6,0.63,0.41,0.3,0.61
393,,3234183758,KittyReadsQT,,0.55,0.5,,0.62,0.61,0.38,0.44,0.32,0.45
394,,2846809907,WhyToVoteGreen,,0.33,0.27,,0.29,0.16,0.22,0.18,0.18,0.2
395,,,,,,,,,,,,,
396,,3375849981,d_herrra,,0.57,0.404285714,,0.87,0.793147134,0.77,0.7,0.78,0.1
397,,85424464,MikiPannell,,0.26,0.24,,0.32,0.33,0.29,0.33,0.1,0.18
398,,17680050,TheScotsman,,0.52,0.43,,0.63,0.57,0.28,0.45,0.46,0.32
399,,303745421,irishtresor,,0.36,0.31,,0.3,0.23,0.13,0.2,0.1,0.24
400,,7.52289E+17,nuvaslacker,,0.41,0.45,,0.61,0.32,0.58,0.47,0.26,0.29
401,,612740777,jakeparrott95,,0.28,0.25,,0.42,0.28,0.24,0.3,0.21,0.2
402,,13934992,forzagaribaldi,,0.26,0.12,,0.4,0.15,0.2,0.3,0.23,0.2
403,,357635196,witz71,,0.31,0.24,,0.45,0.1,0.39,0.37,0.29,0.18
404,,880766178,laiacluafaine,,0.51,0.34,,0.413333333,0.49,0.46,0.46,0.29,0.36
405,,,,,,,,,,,,,
406,,3041523664,MRWHOKIP,,0.37,0.34,,0.49,0.26,0.28,0.29,0.27,0.09
407,,241116080,ProfAlanMaynard,,0.42,0.35,,0.43,0.39,0.18,0.39,0.37,0.5
408,,16818325,zipporahs,,0.6,0.54,,0.46,0.45,0.43,0.32,0.2,0.49
409,,919390285,David_Alcock1,,0.14,0.15,,0.3,0.32,0.19,0.32,0.11,0.06
410,,2459563282,therealslog,,0.35,0.27,,0.29,0.15,0.33,0.19,0.03,0.43
411,,9.11119E+17,joe_h2018,,0.61,0.55,,0.74,0.41,0.68,0.64,0.42,0.59
412,,817040371,ChrisyConvery,,0.19,0.13,,0.25,0.12,0.26,0.14,0.26,0.06
413,,65046968,WittyNameTBC,,0.29,0.16,,0.26,0.15,0.14,0.31,0.1,0.09
414,,229794164,grimes_steve,,0.4,0.25,,0.45,0.21,0.32,0.26,0.17,0.14
415,,993231380,ronyformentor,,0.39,0.23,,0.463333333,0.18,0.31,0.34,0.17,0.17
416,,539304912,neilatoner,,0.22,0.24,,0.28,0.32,0.21,0.26,0.27,0.04
417,,37711766,deadkeats,,0.27,0.23,,0.49,0.38,0.37,0.62,0.29,0.34
418,,8.11557E+17,robsukpolitics,,0.3,0.36,,0.46,0.18,0.35,0.25,0.12,0.03
419,,19438573,DrWalHarry,,0.43,0.26,,0.42,0.26,0.14,0.39,0.24,0.29
420,,2210894469,NW6Penguin,,0.35,0.33,,0.31,0.28,0.1,0.33,0.22,0.15
421,,15977038,CryptoTraderPro,,0.66,0.71,,0.42,0.58,0.6,0.3,0.23,0.7
422,,3119650095,cantabhab,,0.34,0.29,,0.43,0.18,0.21,0.38,0.29,0.23
423,,245995936,Palacios_Isabel,,0.37,0.19,,0.413333333,0.25,0.3,0.19,0.16,0.21
424,,79039975,ferayebend,,0.21,0.1,,0.45,0.07,0.12,0.16,0.32,0.05
425,,4011387262,ragsforex,,0.29,0.32,,0.48,0.3,0.11,0.29,0.14,0.13
426,,2176488392,NnEuI,,0.32,0.21,,0.46,0.15,0.4,0.33,0.22,0.09
427,,2821199591,Shado69Zulu,,0.45,0.28,,0.48,0.51,0.34,0.46,0.53,0.55
428,,769481774,MarceletEmi,,0.29,0.21,,0.49,0.36,0.21,0.18,0.48,0.11
429,,968640829,Who_IsM,,0.25,0.2,,0.4,0.13,0.23,0.15,0.1,0.13
430,,37466739,jamesbmccarthy,,0.44,0.46,,0.52,0.58,0.57,0.375,0.21,0.15
431,,250143276,mpannarosa,,0.35,0.37,,0.513333333,0.22,0.34,0.1,0.23,0.15
432,,2966230157,c0ntr0versial1,,0.35,0.36,,0.4,0.24,0.22,0.37,0.34,0.18
433,,7.80845E+17,SimonEzim1968,,0.53,0.45,,0.59,0.47,0.44,0.66,0.73,0.48
434,,513700154,KeithKaith,,0.41,0.36,,0.64,0.62,0.45,0.61,0.64,0.47
435,,7.98223E+17,pita_louise,,0.55,0.56,,0.35,0.54,0.66,0.48,0.36,0.5
436,,8.47231E+17,BrexitDays,,0.27,0.37,,0.45,0.33,0.25,0.43,0.2,0.3
437,,208509627,ConsultImperial,,0.39,0.29,,0.51,0.48,0.65,0.45,0.2,0.32
438,,2842122591,MrGazd007,,0.32,0.22,,0.51,0.21,0.21,0.2,0.16,0.25
439,,351632985,TheMissCornish,,0.27,0.16,,0.29,0.13,0.22,0.39,0.2,0.05
440,,7.1783E+17,Eureluctantvote,,0.39,0.35,,0.39,0.26,0.32,0.244,0.43,0.39
441,,520266484,KarinSnippe2,,0.35,0.27,,0.46,0.15,0.27,0.11,0.14,0.04
442,,18937510,europaportalen,,0.54,0.47,,0.61,0.65,0.63,0.65,0.56,0.43
443,,7.68457E+17,bchadwickfrance,,0.36,0.2,,0.31,0.23,0.3,0.24,0.12,0.1
444,,1408234218,nneka4colindale,,0.48,0.49,,0.67,0.8,0.35,0.72,0.73,0.41
445,,353872365,CataNigra,,0.34,0.2,,0.53,0.3,0.35,0.4,0.4,0.19
446,,97750483,CareyKerrry,,0.12,0.04,,0.35,0.06,0.13,0.21,0.07,0.07
447,,8.5468E+17,Rachelh13705582,,0.31,0.23,,0.52,0.25,0.33,0.43,0.19,0.31
448,,7.32703E+17,SylvesStaline,,0.49,0.42,,0.473333333,0.18,0.42,0.08,0.17,0.21
449,,91799389,keithjmurray,,0.24,0.17,,0.36,0.32,0.15,0.16,0.24,0.17
450,,57678256,brextremist,,0.28,0.18,,0.34,0.25,0.13,0.4,0.29,0.06
451,,47111459,CannonsCall,,0.39,0.33,,0.38,0.27,0.26,0.36,0.21,0.09
452,,411463351,aslanmahmut45,,0.56,0.46,,0.64,0.5,0.33,0.33,0.76,0.44
453,,2469309936,wemakescholars,,0.62,0.5,,0.56,0.52,0.67,0.72,0.64,0.4
454,,2265885618,GordBolton,,0.47,0.46,,0.53,0.31,0.53,0.31,0.19,0.13
455,,15616657,jpturcotte,,0.44,0.47,,0.49,0.42,0.43,0.21,0.21,0.16
456,,,,,,,,,,,,,
457,,7.81531E+17,KCLSU_EU_Action,,0.36,0.37,,0.4,0.43,0.39,0.54,0.11,0.36
458,,,,,,,,,,,,,
459,,769300730,lucy_kong,,0.36,0.4,,0.42,0.17,0.47,0.41,0.14,0.25
460,,7.12811E+17,Cruithneach,,0.24,0.2,,0.31,0.2,0.15,0.17,0.2,0.09
461,,7.88107E+17,wymaxjim,,0.24,0.25,,0.3,0.21,0.47,0.14,0.06,0.1
462,,2477932729,philippe_campos,,0.47,0.42,,0.825,0.39,0.886666667,0.69,0.77,0.49
463,,8.34741E+17,EUCitizenMobile,,0.47,0.36,,0.71,0.28,0.21,0.63,0.19,0.24
464,,200818199,jbwhitesnake,,0.39,0.25,,0.42,0.32,0.6,0.4,0.38,0.38
465,,7.93095E+17,PublicSphere2,,0.28,0.26,,0.38,0.27,0.33,0.3,0.23,0.03
466,,218133833,Truthteller1996,,0.25,0.33,,0.29,0.27,0.46,0.12,0.07,0.12
467,,1889518374,ShazaTukky,,0.3,0.19,,0.51,0.18,0.21,0.31,0.19,0.01
468,,8.63131E+17,TomCARR89143229,,0.32,0.3,,0.26,0.36,0.19,0.35,0.29,0.19
469,,561781298,PhebeOhYes,,0.5,0.51,,0.56,0.32,0.3,0.44,0.27,0.74
470,,,,,,,,,,,,,
471,,277931188,Denulemma,,0.36,0.42,,0.56,0.42,0.44,0.63,0.27,0.23
472,,546991576,kzootribune,,0.27,0.38,,0.53,0.51,0.27,0.3,0.64,0.08
473,,1377727807,SashaClarkson,,0.34,0.28,,0.32,0.3,0.27,0.18,0.26,0.17
474,,218608423,sexyweirdos,,0.29,0.2,,0.4,0.21,0.24,0.15,0.19,0.08
475,,7142602,Jimjar,,0.33,0.19,,0.2,0.26,0.22,0.3,0.2,0.01
476,,110780095,JulieBertagna,,0.2,0.3,,0.29,0.31,0.14,0.2,0.27,0.11
477,,7.47113E+17,clangrogan,,0.52,0.51,,0.44,0.5,0.37,0.36,0.18,0.35
478,,2347429852,laurabgabarro,,0.36,0.41,,0.46,0.24,0.27,0.27,0.49,0.28
479,,,,,,,,,,,,,
480,,294905237,FotiAma,,0.29,0.2,,0.476666667,0.17,0.27,0.22,0.08,0.07
481,,7.78492E+17,GabrielDenvir,,0.4,0.28,,0.51,0.26,0.14,0.33,0.31,0.28
482,,7.18065E+17,DSRantsNBants,,0.33,0.29,,0.46,0.1,0.37,0.2,0.19,0.21
483,,151028274,Kenny_young,,0.27,0.16,,0.47,0.19,0.14,0.15,0.09,0
484,,64222355,tonybovaird,,0.3,0.36,,0.46,0.35,0.32,0.52,0.36,0.14
485,,3362952527,DashMillion,,0.3,0.21,,0.41,0.3,0.29,0.33,0.19,0.19
486,,41805583,ChrisKimberley,,0.29,0.25,,0.46,0.22,0.15,0.4,0.05,0.07
487,,233603681,lauratrafach,,0.46,0.32,,0.42,0.28,0.51,0.2,0.27,0.21
488,,44877071,gordonsagit,,0.29,0.19,,0.46,0.25,0.22,0.38,0.16,0.22
489,,8.48408E+17,Journo_list,,0.16,0.21,,0.33,0.19,0.11,0.35,0.13,0.03
490,,8.09138E+17,DatenschutzChec,,0.48,0.43,,0.55,0.42,0.4,0.45,0.21,0.7
491,,4891281479,Minnie08154,,0.4,0.18,,0.510833333,0.32,0.3,0.18,0.14,0.04
492,,9.01349E+17,tdg_trekking,,0.61,0.5,,0.67,0.64,0.3,0.51,0.63,0.69
493,,7.01079E+17,EUGrassroots,,0.48,0.44,,0.69,0.59,0.66,0.38,0.21,0.13
494,,98693915,ravsgill,,0.38,0.24,,0.36,0.37,0.25,0.33,0.12,0.23
495,,2734042846,_ItsAmel_,,0.27,0.12,,0.29,0.16,0.09,0.1,0.18,0.1
496,,143234910,mooseade,,0.16,0.22,,0.23,0.22,0.38,0.34,0.15,0.1
497,,109034324,RobMcW_UKIP,,0.41,0.35,,0.43,0.44,0.46,0.58,0.45,0.25
498,,556902767,M2bliquis,,0.49,0.33,,0.52,0.41,0.63,0.42,0.52,0.3
499,,9.05124E+17,JohnGibbonsNmbk,,0.3,0.37,,0.25,0.4,0.15,0.49,0.21,0.29